{
	"info": {
		"_postman_id": "bcf74e0f-b932-41c6-b09f-aa7c21a74e37",
		"name": "API Laravel",
		"schema": "https://schema.getpostman.com/json/collection/v2.1.0/collection.json"
	},
	"item": [
		{
			"name": "Get Data Mahasiswa",
			"request": {
				"method": "GET",
				"header": []
			},
			"response": []
		},
		{
			"name": "Get Data Mahasiswa By Id",
			"request": {
				"method": "GET",
				"header": []
			},
			"response": []
		},
		{
			"name": "Get Data Mahasiswa By NIM",
			"request": {
				"method": "GET",
				"header": []
			},
			"response": []
		},
		{
			"name": "Tambah Data Mahasiswa",
			"request": {
				"method": "GET",
				"header": []
			},
			"response": []
		},
		{
			"name": "Update Data By Id",
			"request": {
				"method": "GET",
				"header": []
			},
			"response": []
		},
		{
			"name": "Delete Data by Id",
			"request": {
				"method": "GET",
				"header": []
			},
			"response": []
		}
	]
}